{
  "Buenos Aires": ["Mar del Plata", "La Plata", "Bahía Blanca"],
  "Ciudad Autónoma de Buenos Aires": ["Palermo", "Caballito", "Recoleta"],
  "Catamarca": ["San Fernando del Valle de Catamarca", "Belén", "Tinogasta"],
  "Chaco": ["Resistencia", "Villa Ángela", "Presidencia Roque Sáenz Peña"],
  "Chubut": ["Comodoro Rivadavia", "Trelew", "Rawson"],
  "Córdoba": ["Córdoba", "Villa María", "Río Cuarto"],
  "Corrientes": ["Corrientes", "Goya", "Mercedes"],
  "Entre Ríos": ["Paraná", "Concordia", "Gualeguaychú"],
  "Formosa": ["Formosa", "Clorinda", "Pirané"],
  "Jujuy": ["San Salvador de Jujuy", "Palpalá", "Libertador General San Martín"],
  "La Pampa": ["Santa Rosa", "General Pico", "Toay"],
  "La Rioja": ["La Rioja", "Chilecito", "Aimogasta"],
  "Mendoza": ["Mendoza", "San Rafael", "Godoy Cruz"],
  "Misiones": ["Posadas", "Oberá", "Puerto Iguazú"],
  "Neuquén": ["Neuquén", "Cutral Có", "San Martín de los Andes"],
  "Río Negro": ["Viedma", "Bariloche", "General Roca"],
  "Salta": ["Salta", "Tartagal", "Orán"],
  "San Juan": ["San Juan", "Jáchas", "Chimbas"],
  "San Luis": ["San Luis", "Villa Mercedes", "La Punta"],
  "Santa Cruz": ["Río Gallegos", "Caleta Olivia", "El Calafate"],
  "Santa Fe": ["Rosario", "Santa Fe", "Rafaela"],
  "Santiago del Estero": ["Santiago del Estero", "La Banda", "Frías"],
  "Tierra del Fuego": ["Ushuaia", "Río Grande", "Tolhuin"],
  "Tucumán": ["San Miguel de Tucumán", "Yerba Buena", "Tafí Viejo"]
}
